{
    "data": [
        {
            "etat": "Saisie validée",
            "_estRectificative": "Non",
            "estRectificative": false,
            "dateDebutImpLettre": "nov. 2017",
            "_dateFinPeriode": "30-11-2017",
            "dateFinPeriode": {
                "year": 2017,
                "month": 11,
                "day": 30,
                "hour": 0,
                "minute": 0,
                "second": 0,
                "millisecond": -2147483648,
                "timezone": 0
            },
            "codeTypeImpot": "TVA",
            "_dateHeureAccuseReception": "29-12-2017",
            "dateHeureAccuseReception": {
                "year": 2017,
                "month": 12,
                "day": 29,
                "hour": 0,
                "minute": 0,
                "second": 0,
                "millisecond": -2147483648,
                "timezone": 0
            },
            "dateFinImpoLettre": "nov. 2017",
            "_dateDebutPeriode": "1-11-2017",
            "dateDebutPeriode": {
                "year": 2017,
                "month": 11,
                "day": 1,
                "hour": 0,
                "minute": 0,
                "second": 0,
                "millisecond": -2147483648,
                "timezone": 0
            },
            "numeroDepot": "20171789930760",
            "modele": "DECLARATION MENSUELLE"
        },
        {
            "etat": "Saisie validée",
            "_estRectificative": "Non",
            "estRectificative": false,
            "dateDebutImpLettre": "oct. 2017",
            "_dateFinPeriode": "31-10-2017",
            "dateFinPeriode": {
                "year": 2017,
                "month": 10,
                "day": 31,
                "hour": 0,
                "minute": 0,
                "second": 0,
                "millisecond": -2147483648,
                "timezone": 0
            },
            "codeTypeImpot": "TVA",
            "_dateHeureAccuseReception": "30-11-2017",
            "dateHeureAccuseReception": {
                "year": 2017,
                "month": 11,
                "day": 30,
                "hour": 0,
                "minute": 0,
                "second": 0,
                "millisecond": -2147483648,
                "timezone": 0
            },
            "dateFinImpoLettre": "oct. 2017",
            "_dateDebutPeriode": "1-10-2017",
            "dateDebutPeriode": {
                "year": 2017,
                "month": 10,
                "day": 1,
                "hour": 0,
                "minute": 0,
                "second": 0,
                "millisecond": -2147483648,
                "timezone": 0
            },
            "numeroDepot": "20171703465760",
            "modele": "DECLARATION MENSUELLE"
        },
        {
            "etat": "Saisie validée",
            "_estRectificative": "Non",
            "estRectificative": false,
            "dateDebutImpLettre": "sept. 2017",
            "_dateFinPeriode": "30-9-2017",
            "dateFinPeriode": {
                "year": 2017,
                "month": 9,
                "day": 30,
                "hour": 0,
                "minute": 0,
                "second": 0,
                "millisecond": -2147483648,
                "timezone": 0
            },
            "codeTypeImpot": "TVA",
            "_dateHeureAccuseReception": "31-10-2017",
            "dateHeureAccuseReception": {
                "year": 2017,
                "month": 10,
                "day": 31,
                "hour": 0,
                "minute": 0,
                "second": 0,
                "millisecond": -2147483648,
                "timezone": 0
            },
            "dateFinImpoLettre": "sept. 2017",
            "_dateDebutPeriode": "1-9-2017",
            "dateDebutPeriode": {
                "year": 2017,
                "month": 9,
                "day": 1,
                "hour": 0,
                "minute": 0,
                "second": 0,
                "millisecond": -2147483648,
                "timezone": 0
            },
            "numeroDepot": "20171606552760",
            "modele": "DECLARATION MENSUELLE"
        },
        {
            "etat": "Saisie validée",
            "_estRectificative": "Non",
            "estRectificative": false,
            "dateDebutImpLettre": "août 2017",
            "_dateFinPeriode": "31-8-2017",
            "dateFinPeriode": {
                "year": 2017,
                "month": 8,
                "day": 31,
                "hour": 0,
                "minute": 0,
                "second": 0,
                "millisecond": -2147483648,
                "timezone": 0
            },
            "codeTypeImpot": "TVA",
            "_dateHeureAccuseReception": "2-10-2017",
            "dateHeureAccuseReception": {
                "year": 2017,
                "month": 10,
                "day": 2,
                "hour": 0,
                "minute": 0,
                "second": 0,
                "millisecond": -2147483648,
                "timezone": 0
            },
            "dateFinImpoLettre": "août 2017",
            "_dateDebutPeriode": "1-8-2017",
            "dateDebutPeriode": {
                "year": 2017,
                "month": 8,
                "day": 1,
                "hour": 0,
                "minute": 0,
                "second": 0,
                "millisecond": -2147483648,
                "timezone": 0
            },
            "numeroDepot": "20171329277760",
            "modele": "DECLARATION MENSUELLE"
        },
        {
            "etat": "Saisie validée",
            "_estRectificative": "Non",
            "estRectificative": false,
            "dateDebutImpLettre": "juil. 2017",
            "_dateFinPeriode": "31-7-2017",
            "dateFinPeriode": {
                "year": 2017,
                "month": 7,
                "day": 31,
                "hour": 0,
                "minute": 0,
                "second": 0,
                "millisecond": -2147483648,
                "timezone": 0
            },
            "codeTypeImpot": "TVA",
            "_dateHeureAccuseReception": "31-8-2017",
            "dateHeureAccuseReception": {
                "year": 2017,
                "month": 8,
                "day": 31,
                "hour": 0,
                "minute": 0,
                "second": 0,
                "millisecond": -2147483648,
                "timezone": 0
            },
            "dateFinImpoLettre": "juil. 2017",
            "_dateDebutPeriode": "1-7-2017",
            "dateDebutPeriode": {
                "year": 2017,
                "month": 7,
                "day": 1,
                "hour": 0,
                "minute": 0,
                "second": 0,
                "millisecond": -2147483648,
                "timezone": 0
            },
            "numeroDepot": "20171241077760",
            "modele": "DECLARATION MENSUELLE"
        },
        {
            "etat": "Saisie validée",
            "_estRectificative": "Non",
            "estRectificative": false,
            "dateDebutImpLettre": "juin 2017",
            "_dateFinPeriode": "30-6-2017",
            "dateFinPeriode": {
                "year": 2017,
                "month": 6,
                "day": 30,
                "hour": 0,
                "minute": 0,
                "second": 0,
                "millisecond": -2147483648,
                "timezone": 0
            },
            "codeTypeImpot": "TVA",
            "_dateHeureAccuseReception": "30-7-2017",
            "dateHeureAccuseReception": {
                "year": 2017,
                "month": 7,
                "day": 30,
                "hour": 0,
                "minute": 0,
                "second": 0,
                "millisecond": -2147483648,
                "timezone": 0
            },
            "dateFinImpoLettre": "juin 2017",
            "_dateDebutPeriode": "1-6-2017",
            "dateDebutPeriode": {
                "year": 2017,
                "month": 6,
                "day": 1,
                "hour": 0,
                "minute": 0,
                "second": 0,
                "millisecond": -2147483648,
                "timezone": 0
            },
            "numeroDepot": "20171149216760",
            "modele": "DECLARATION MENSUELLE"
        },
        {
            "etat": "Saisie validée",
            "_estRectificative": "Non",
            "estRectificative": false,
            "dateDebutImpLettre": "juil. 2016",
            "_dateFinPeriode": "31-7-2016",
            "dateFinPeriode": {
                "year": 2016,
                "month": 7,
                "day": 31,
                "hour": 0,
                "minute": 0,
                "second": 0,
                "millisecond": -2147483648,
                "timezone": 0
            },
            "codeTypeImpot": "TVA",
            "_dateHeureAccuseReception": "30-6-2017",
            "dateHeureAccuseReception": {
                "year": 2017,
                "month": 6,
                "day": 30,
                "hour": 0,
                "minute": 0,
                "second": 0,
                "millisecond": -2147483648,
                "timezone": 0
            },
            "dateFinImpoLettre": "juil. 2016",
            "_dateDebutPeriode": "1-7-2016",
            "dateDebutPeriode": {
                "year": 2016,
                "month": 7,
                "day": 1,
                "hour": 0,
                "minute": 0,
                "second": 0,
                "millisecond": -2147483648,
                "timezone": 0
            },
            "numeroDepot": "20170918054760",
            "modele": "DECLARATION MENSUELLE"
        },
        {
            "etat": "Saisie validée",
            "_estRectificative": "Non",
            "estRectificative": false,
            "dateDebutImpLettre": "août 2016",
            "_dateFinPeriode": "31-8-2016",
            "dateFinPeriode": {
                "year": 2016,
                "month": 8,
                "day": 31,
                "hour": 0,
                "minute": 0,
                "second": 0,
                "millisecond": -2147483648,
                "timezone": 0
            },
            "codeTypeImpot": "TVA",
            "_dateHeureAccuseReception": "30-6-2017",
            "dateHeureAccuseReception": {
                "year": 2017,
                "month": 6,
                "day": 30,
                "hour": 0,
                "minute": 0,
                "second": 0,
                "millisecond": -2147483648,
                "timezone": 0
            },
            "dateFinImpoLettre": "août 2016",
            "_dateDebutPeriode": "1-8-2016",
            "dateDebutPeriode": {
                "year": 2016,
                "month": 8,
                "day": 1,
                "hour": 0,
                "minute": 0,
                "second": 0,
                "millisecond": -2147483648,
                "timezone": 0
            },
            "numeroDepot": "20170918053760",
            "modele": "DECLARATION MENSUELLE"
        },
        {
            "etat": "Saisie validée",
            "_estRectificative": "Non",
            "estRectificative": false,
            "dateDebutImpLettre": "sept. 2016",
            "_dateFinPeriode": "30-9-2016",
            "dateFinPeriode": {
                "year": 2016,
                "month": 9,
                "day": 30,
                "hour": 0,
                "minute": 0,
                "second": 0,
                "millisecond": -2147483648,
                "timezone": 0
            },
            "codeTypeImpot": "TVA",
            "_dateHeureAccuseReception": "30-6-2017",
            "dateHeureAccuseReception": {
                "year": 2017,
                "month": 6,
                "day": 30,
                "hour": 0,
                "minute": 0,
                "second": 0,
                "millisecond": -2147483648,
                "timezone": 0
            },
            "dateFinImpoLettre": "sept. 2016",
            "_dateDebutPeriode": "1-9-2016",
            "dateDebutPeriode": {
                "year": 2016,
                "month": 9,
                "day": 1,
                "hour": 0,
                "minute": 0,
                "second": 0,
                "millisecond": -2147483648,
                "timezone": 0
            },
            "numeroDepot": "20170918052760",
            "modele": "DECLARATION MENSUELLE"
        },
        {
            "etat": "Saisie validée",
            "_estRectificative": "Non",
            "estRectificative": false,
            "dateDebutImpLettre": "oct. 2016",
            "_dateFinPeriode": "31-10-2016",
            "dateFinPeriode": {
                "year": 2016,
                "month": 10,
                "day": 31,
                "hour": 0,
                "minute": 0,
                "second": 0,
                "millisecond": -2147483648,
                "timezone": 0
            },
            "codeTypeImpot": "TVA",
            "_dateHeureAccuseReception": "30-6-2017",
            "dateHeureAccuseReception": {
                "year": 2017,
                "month": 6,
                "day": 30,
                "hour": 0,
                "minute": 0,
                "second": 0,
                "millisecond": -2147483648,
                "timezone": 0
            },
            "dateFinImpoLettre": "oct. 2016",
            "_dateDebutPeriode": "1-10-2016",
            "dateDebutPeriode": {
                "year": 2016,
                "month": 10,
                "day": 1,
                "hour": 0,
                "minute": 0,
                "second": 0,
                "millisecond": -2147483648,
                "timezone": 0
            },
            "numeroDepot": "20170918051760",
            "modele": "DECLARATION MENSUELLE"
        },
        {
            "etat": "Saisie validée",
            "_estRectificative": "Non",
            "estRectificative": false,
            "dateDebutImpLettre": "nov. 2016",
            "_dateFinPeriode": "30-11-2016",
            "dateFinPeriode": {
                "year": 2016,
                "month": 11,
                "day": 30,
                "hour": 0,
                "minute": 0,
                "second": 0,
                "millisecond": -2147483648,
                "timezone": 0
            },
            "codeTypeImpot": "TVA",
            "_dateHeureAccuseReception": "30-6-2017",
            "dateHeureAccuseReception": {
                "year": 2017,
                "month": 6,
                "day": 30,
                "hour": 0,
                "minute": 0,
                "second": 0,
                "millisecond": -2147483648,
                "timezone": 0
            },
            "dateFinImpoLettre": "nov. 2016",
            "_dateDebutPeriode": "1-11-2016",
            "dateDebutPeriode": {
                "year": 2016,
                "month": 11,
                "day": 1,
                "hour": 0,
                "minute": 0,
                "second": 0,
                "millisecond": -2147483648,
                "timezone": 0
            },
            "numeroDepot": "20170918049760",
            "modele": "DECLARATION MENSUELLE"
        },
        {
            "etat": "Saisie validée",
            "_estRectificative": "Non",
            "estRectificative": false,
            "dateDebutImpLettre": "mai 2017",
            "_dateFinPeriode": "31-5-2017",
            "dateFinPeriode": {
                "year": 2017,
                "month": 5,
                "day": 31,
                "hour": 0,
                "minute": 0,
                "second": 0,
                "millisecond": -2147483648,
                "timezone": 0
            },
            "codeTypeImpot": "TVA",
            "_dateHeureAccuseReception": "30-6-2017",
            "dateHeureAccuseReception": {
                "year": 2017,
                "month": 6,
                "day": 30,
                "hour": 0,
                "minute": 0,
                "second": 0,
                "millisecond": -2147483648,
                "timezone": 0
            },
            "dateFinImpoLettre": "mai 2017",
            "_dateDebutPeriode": "1-5-2017",
            "dateDebutPeriode": {
                "year": 2017,
                "month": 5,
                "day": 1,
                "hour": 0,
                "minute": 0,
                "second": 0,
                "millisecond": -2147483648,
                "timezone": 0
            },
            "numeroDepot": "20170920305760",
            "modele": "DECLARATION MENSUELLE"
        },
        {
            "etat": "Saisie validée",
            "_estRectificative": "Non",
            "estRectificative": false,
            "dateDebutImpLettre": "juin 2016",
            "_dateFinPeriode": "30-6-2016",
            "dateFinPeriode": {
                "year": 2016,
                "month": 6,
                "day": 30,
                "hour": 0,
                "minute": 0,
                "second": 0,
                "millisecond": -2147483648,
                "timezone": 0
            },
            "codeTypeImpot": "TVA",
            "_dateHeureAccuseReception": "30-6-2017",
            "dateHeureAccuseReception": {
                "year": 2017,
                "month": 6,
                "day": 30,
                "hour": 0,
                "minute": 0,
                "second": 0,
                "millisecond": -2147483648,
                "timezone": 0
            },
            "dateFinImpoLettre": "juin 2016",
            "_dateDebutPeriode": "1-6-2016",
            "dateDebutPeriode": {
                "year": 2016,
                "month": 6,
                "day": 1,
                "hour": 0,
                "minute": 0,
                "second": 0,
                "millisecond": -2147483648,
                "timezone": 0
            },
            "numeroDepot": "20170918056760",
            "modele": "DECLARATION MENSUELLE"
        },
        {
            "etat": "Saisie validée",
            "_estRectificative": "Non",
            "estRectificative": false,
            "dateDebutImpLettre": "avr. 2017",
            "_dateFinPeriode": "30-4-2017",
            "dateFinPeriode": {
                "year": 2017,
                "month": 4,
                "day": 30,
                "hour": 0,
                "minute": 0,
                "second": 0,
                "millisecond": -2147483648,
                "timezone": 0
            },
            "codeTypeImpot": "TVA",
            "_dateHeureAccuseReception": "31-5-2017",
            "dateHeureAccuseReception": {
                "year": 2017,
                "month": 5,
                "day": 31,
                "hour": 0,
                "minute": 0,
                "second": 0,
                "millisecond": -2147483648,
                "timezone": 0
            },
            "dateFinImpoLettre": "avr. 2017",
            "_dateDebutPeriode": "1-4-2017",
            "dateDebutPeriode": {
                "year": 2017,
                "month": 4,
                "day": 1,
                "hour": 0,
                "minute": 0,
                "second": 0,
                "millisecond": -2147483648,
                "timezone": 0
            },
            "numeroDepot": "20170801828760",
            "modele": "DECLARATION MENSUELLE"
        },
        {
            "etat": "Saisie validée",
            "_estRectificative": "Non",
            "estRectificative": false,
            "dateDebutImpLettre": "mars 2017",
            "_dateFinPeriode": "31-3-2017",
            "dateFinPeriode": {
                "year": 2017,
                "month": 3,
                "day": 31,
                "hour": 0,
                "minute": 0,
                "second": 0,
                "millisecond": -2147483648,
                "timezone": 0
            },
            "codeTypeImpot": "TVA",
            "_dateHeureAccuseReception": "2-5-2017",
            "dateHeureAccuseReception": {
                "year": 2017,
                "month": 5,
                "day": 2,
                "hour": 0,
                "minute": 0,
                "second": 0,
                "millisecond": -2147483648,
                "timezone": 0
            },
            "dateFinImpoLettre": "mars 2017",
            "_dateDebutPeriode": "1-3-2017",
            "dateDebutPeriode": {
                "year": 2017,
                "month": 3,
                "day": 1,
                "hour": 0,
                "minute": 0,
                "second": 0,
                "millisecond": -2147483648,
                "timezone": 0
            },
            "numeroDepot": "20170647892760",
            "modele": "DECLARATION MENSUELLE"
        },
        {
            "etat": "Saisie validée",
            "_estRectificative": "Non",
            "estRectificative": false,
            "dateDebutImpLettre": "févr. 2017",
            "_dateFinPeriode": "28-2-2017",
            "dateFinPeriode": {
                "year": 2017,
                "month": 2,
                "day": 28,
                "hour": 0,
                "minute": 0,
                "second": 0,
                "millisecond": -2147483648,
                "timezone": 0
            },
            "codeTypeImpot": "TVA",
            "_dateHeureAccuseReception": "31-3-2017",
            "dateHeureAccuseReception": {
                "year": 2017,
                "month": 3,
                "day": 31,
                "hour": 0,
                "minute": 0,
                "second": 0,
                "millisecond": -2147483648,
                "timezone": 0
            },
            "dateFinImpoLettre": "févr. 2017",
            "_dateDebutPeriode": "1-2-2017",
            "dateDebutPeriode": {
                "year": 2017,
                "month": 2,
                "day": 1,
                "hour": 0,
                "minute": 0,
                "second": 0,
                "millisecond": -2147483648,
                "timezone": 0
            },
            "numeroDepot": "20170425082760",
            "modele": "DECLARATION MENSUELLE"
        },
        {
            "etat": "Saisie validée",
            "_estRectificative": "Non",
            "estRectificative": false,
            "dateDebutImpLettre": "janv. 2017",
            "_dateFinPeriode": "31-1-2017",
            "dateFinPeriode": {
                "year": 2017,
                "month": 1,
                "day": 31,
                "hour": 0,
                "minute": 0,
                "second": 0,
                "millisecond": -2147483648,
                "timezone": 0
            },
            "codeTypeImpot": "TVA",
            "_dateHeureAccuseReception": "28-2-2017",
            "dateHeureAccuseReception": {
                "year": 2017,
                "month": 2,
                "day": 28,
                "hour": 0,
                "minute": 0,
                "second": 0,
                "millisecond": -2147483648,
                "timezone": 0
            },
            "dateFinImpoLettre": "janv. 2017",
            "_dateDebutPeriode": "1-1-2017",
            "dateDebutPeriode": {
                "year": 2017,
                "month": 1,
                "day": 1,
                "hour": 0,
                "minute": 0,
                "second": 0,
                "millisecond": -2147483648,
                "timezone": 0
            },
            "numeroDepot": "20170344835760",
            "modele": "DECLARATION MENSUELLE"
        },
        {
            "etat": "Saisie validée",
            "_estRectificative": "Non",
            "estRectificative": false,
            "dateDebutImpLettre": "déc. 2016",
            "_dateFinPeriode": "31-12-2016",
            "dateFinPeriode": {
                "year": 2016,
                "month": 12,
                "day": 31,
                "hour": 0,
                "minute": 0,
                "second": 0,
                "millisecond": -2147483648,
                "timezone": 0
            },
            "codeTypeImpot": "TVA",
            "_dateHeureAccuseReception": "31-1-2017",
            "dateHeureAccuseReception": {
                "year": 2017,
                "month": 1,
                "day": 31,
                "hour": 0,
                "minute": 0,
                "second": 0,
                "millisecond": -2147483648,
                "timezone": 0
            },
            "dateFinImpoLettre": "déc. 2016",
            "_dateDebutPeriode": "1-12-2016",
            "dateDebutPeriode": {
                "year": 2016,
                "month": 12,
                "day": 1,
                "hour": 0,
                "minute": 0,
                "second": 0,
                "millisecond": -2147483648,
                "timezone": 0
            },
            "numeroDepot": "20170271988760",
            "modele": "DECLARATION MENSUELLE"
        },
        {
            "etat": "Saisie validée",
            "_estRectificative": "Non",
            "estRectificative": false,
            "dateDebutImpLettre": "nov. 2016",
            "_dateFinPeriode": "30-11-2016",
            "dateFinPeriode": {
                "year": 2016,
                "month": 11,
                "day": 30,
                "hour": 0,
                "minute": 0,
                "second": 0,
                "millisecond": -2147483648,
                "timezone": 0
            },
            "codeTypeImpot": "TVA",
            "_dateHeureAccuseReception": "2-1-2017",
            "dateHeureAccuseReception": {
                "year": 2017,
                "month": 1,
                "day": 2,
                "hour": 0,
                "minute": 0,
                "second": 0,
                "millisecond": -2147483648,
                "timezone": 0
            },
            "dateFinImpoLettre": "nov. 2016",
            "_dateDebutPeriode": "1-11-2016",
            "dateDebutPeriode": {
                "year": 2016,
                "month": 11,
                "day": 1,
                "hour": 0,
                "minute": 0,
                "second": 0,
                "millisecond": -2147483648,
                "timezone": 0
            },
            "numeroDepot": "20170006805760",
            "modele": "DECLARATION MENSUELLE"
        },
        {
            "etat": "Saisie validée",
            "_estRectificative": "Non",
            "estRectificative": false,
            "dateDebutImpLettre": "oct. 2016",
            "_dateFinPeriode": "31-10-2016",
            "dateFinPeriode": {
                "year": 2016,
                "month": 10,
                "day": 31,
                "hour": 0,
                "minute": 0,
                "second": 0,
                "millisecond": -2147483648,
                "timezone": 0
            },
            "codeTypeImpot": "TVA",
            "_dateHeureAccuseReception": "30-11-2016",
            "dateHeureAccuseReception": {
                "year": 2016,
                "month": 11,
                "day": 30,
                "hour": 0,
                "minute": 0,
                "second": 0,
                "millisecond": -2147483648,
                "timezone": 0
            },
            "dateFinImpoLettre": "oct. 2016",
            "_dateDebutPeriode": "1-10-2016",
            "dateDebutPeriode": {
                "year": 2016,
                "month": 10,
                "day": 1,
                "hour": 0,
                "minute": 0,
                "second": 0,
                "millisecond": -2147483648,
                "timezone": 0
            },
            "numeroDepot": "20160118062760",
            "modele": "DECLARATION MENSUELLE"
        },
        {
            "etat": "Saisie validée",
            "_estRectificative": "Non",
            "estRectificative": false,
            "dateDebutImpLettre": "sept. 2016",
            "_dateFinPeriode": "30-9-2016",
            "dateFinPeriode": {
                "year": 2016,
                "month": 9,
                "day": 30,
                "hour": 0,
                "minute": 0,
                "second": 0,
                "millisecond": -2147483648,
                "timezone": 0
            },
            "codeTypeImpot": "TVA",
            "_dateHeureAccuseReception": "31-10-2016",
            "dateHeureAccuseReception": {
                "year": 2016,
                "month": 10,
                "day": 31,
                "hour": 0,
                "minute": 0,
                "second": 0,
                "millisecond": -2147483648,
                "timezone": 0
            },
            "dateFinImpoLettre": "sept. 2016",
            "_dateDebutPeriode": "1-9-2016",
            "dateDebutPeriode": {
                "year": 2016,
                "month": 9,
                "day": 1,
                "hour": 0,
                "minute": 0,
                "second": 0,
                "millisecond": -2147483648,
                "timezone": 0
            },
            "numeroDepot": "20160098851760",
            "modele": "DECLARATION MENSUELLE"
        },
        {
            "etat": "Saisie validée",
            "_estRectificative": "Non",
            "estRectificative": false,
            "dateDebutImpLettre": "août 2016",
            "_dateFinPeriode": "31-8-2016",
            "dateFinPeriode": {
                "year": 2016,
                "month": 8,
                "day": 31,
                "hour": 0,
                "minute": 0,
                "second": 0,
                "millisecond": -2147483648,
                "timezone": 0
            },
            "codeTypeImpot": "TVA",
            "_dateHeureAccuseReception": "30-9-2016",
            "dateHeureAccuseReception": {
                "year": 2016,
                "month": 9,
                "day": 30,
                "hour": 0,
                "minute": 0,
                "second": 0,
                "millisecond": -2147483648,
                "timezone": 0
            },
            "dateFinImpoLettre": "août 2016",
            "_dateDebutPeriode": "1-8-2016",
            "dateDebutPeriode": {
                "year": 2016,
                "month": 8,
                "day": 1,
                "hour": 0,
                "minute": 0,
                "second": 0,
                "millisecond": -2147483648,
                "timezone": 0
            },
            "numeroDepot": "20160081510760",
            "modele": "DECLARATION MENSUELLE"
        },
        {
            "etat": "Saisie validée",
            "_estRectificative": "Non",
            "estRectificative": false,
            "dateDebutImpLettre": "juil. 2016",
            "_dateFinPeriode": "31-7-2016",
            "dateFinPeriode": {
                "year": 2016,
                "month": 7,
                "day": 31,
                "hour": 0,
                "minute": 0,
                "second": 0,
                "millisecond": -2147483648,
                "timezone": 0
            },
            "codeTypeImpot": "TVA",
            "_dateHeureAccuseReception": "31-8-2016",
            "dateHeureAccuseReception": {
                "year": 2016,
                "month": 8,
                "day": 31,
                "hour": 0,
                "minute": 0,
                "second": 0,
                "millisecond": -2147483648,
                "timezone": 0
            },
            "dateFinImpoLettre": "juil. 2016",
            "_dateDebutPeriode": "1-7-2016",
            "dateDebutPeriode": {
                "year": 2016,
                "month": 7,
                "day": 1,
                "hour": 0,
                "minute": 0,
                "second": 0,
                "millisecond": -2147483648,
                "timezone": 0
            },
            "numeroDepot": "20160070533760",
            "modele": "DECLARATION MENSUELLE"
        },
        {
            "etat": "Saisie validée",
            "_estRectificative": "Non",
            "estRectificative": false,
            "dateDebutImpLettre": "juin 2016",
            "_dateFinPeriode": "30-6-2016",
            "dateFinPeriode": {
                "year": 2016,
                "month": 6,
                "day": 30,
                "hour": 0,
                "minute": 0,
                "second": 0,
                "millisecond": -2147483648,
                "timezone": 0
            },
            "codeTypeImpot": "TVA",
            "_dateHeureAccuseReception": "31-7-2016",
            "dateHeureAccuseReception": {
                "year": 2016,
                "month": 7,
                "day": 31,
                "hour": 0,
                "minute": 0,
                "second": 0,
                "millisecond": -2147483648,
                "timezone": 0
            },
            "dateFinImpoLettre": "juin 2016",
            "_dateDebutPeriode": "1-6-2016",
            "dateDebutPeriode": {
                "year": 2016,
                "month": 6,
                "day": 1,
                "hour": 0,
                "minute": 0,
                "second": 0,
                "millisecond": -2147483648,
                "timezone": 0
            },
            "numeroDepot": "20160063395760",
            "modele": "DECLARATION MENSUELLE"
        },
        {
            "etat": "Saisie validée",
            "_estRectificative": "Non",
            "estRectificative": false,
            "dateDebutImpLettre": "mai 2016",
            "_dateFinPeriode": "31-5-2016",
            "dateFinPeriode": {
                "year": 2016,
                "month": 5,
                "day": 31,
                "hour": 0,
                "minute": 0,
                "second": 0,
                "millisecond": -2147483648,
                "timezone": 0
            },
            "codeTypeImpot": "TVA",
            "_dateHeureAccuseReception": "30-6-2016",
            "dateHeureAccuseReception": {
                "year": 2016,
                "month": 6,
                "day": 30,
                "hour": 0,
                "minute": 0,
                "second": 0,
                "millisecond": -2147483648,
                "timezone": 0
            },
            "dateFinImpoLettre": "mai 2016",
            "_dateDebutPeriode": "1-5-2016",
            "dateDebutPeriode": {
                "year": 2016,
                "month": 5,
                "day": 1,
                "hour": 0,
                "minute": 0,
                "second": 0,
                "millisecond": -2147483648,
                "timezone": 0
            },
            "numeroDepot": "20160049724760",
            "modele": "DECLARATION MENSUELLE"
        },
        {
            "etat": "Saisie validée",
            "_estRectificative": "Non",
            "estRectificative": false,
            "dateDebutImpLettre": "avr. 2016",
            "_dateFinPeriode": "30-4-2016",
            "dateFinPeriode": {
                "year": 2016,
                "month": 4,
                "day": 30,
                "hour": 0,
                "minute": 0,
                "second": 0,
                "millisecond": -2147483648,
                "timezone": 0
            },
            "codeTypeImpot": "TVA",
            "_dateHeureAccuseReception": "31-5-2016",
            "dateHeureAccuseReception": {
                "year": 2016,
                "month": 5,
                "day": 31,
                "hour": 0,
                "minute": 0,
                "second": 0,
                "millisecond": -2147483648,
                "timezone": 0
            },
            "dateFinImpoLettre": "avr. 2016",
            "_dateDebutPeriode": "1-4-2016",
            "dateDebutPeriode": {
                "year": 2016,
                "month": 4,
                "day": 1,
                "hour": 0,
                "minute": 0,
                "second": 0,
                "millisecond": -2147483648,
                "timezone": 0
            },
            "numeroDepot": "20160038348760",
            "modele": "DECLARATION MENSUELLE"
        }
    ]
}
